Timestamp_Unix,Time_Elapsed_s,Primary_Temp_C,Secondary_Temp_C,Ambient_Temp_C,Setpoint_C,Duty_Cycle_Pct,Control_Mode,KP,KI,KD
1774496923.8092065,0.165,-9999.000000,29.972231,22.167065,30.0,36.1665,HIGH,0.6,0.015,0.001
1774496923.907902,0.263,-9999.000000,29.956563,22.167453,30.0,37.1102,HIGH,0.6,0.015,0.001
1774496924.0031683,0.359,-9999.000000,29.931003,22.169397,30.0,38.6558,HIGH,0.6,0.015,0.001
1774496924.0653203,0.421,-9999.000000,29.958212,22.169006,30.0,36.9584,HIGH,0.6,0.015,0.001
1774496924.1294236,0.485,-9999.000000,29.953676,22.169784,30.0,37.2822,HIGH,0.6,0.015,0.001
1774496924.1930516,0.549,-9999.000000,29.949141,22.170950,30.0,37.5540,HIGH,0.6,0.015,0.001
1774496924.2530494,0.609,-9999.000000,29.945432,22.172503,30.0,37.7734,HIGH,0.6,0.015,0.001
1774496924.3178504,0.673,-9999.000000,29.940486,22.173279,30.0,38.0739,HIGH,0.6,0.015,0.001
1774496924.3784842,0.734,-9999.000000,29.935126,22.174444,30.0,38.3973,HIGH,0.6,0.015,0.001
1774496924.4401586,0.796,-9999.000000,29.931829,22.174444,30.0,38.5979,HIGH,0.6,0.015,0.001
1774496924.5053456,0.861,-9999.000000,29.927295,22.175998,30.0,38.8716,HIGH,0.6,0.015,0.001
1774496924.567015,0.922,-9999.000000,29.933889,22.175610,30.0,38.4662,HIGH,0.6,0.015,0.001
1774496924.6266174,0.982,-9999.000000,29.919054,22.175998,30.0,39.3974,HIGH,0.6,0.015,0.001
1774496924.68913,1.045,-9999.000000,29.913283,22.176385,30.0,39.7343,HIGH,0.6,0.015,0.001
1774496924.7532368,1.109,-9999.000000,29.909987,22.177939,30.0,39.9296,HIGH,0.6,0.015,0.001
1774496924.8203106,1.176,-9999.000000,29.906277,22.176776,30.0,40.1673,HIGH,0.6,0.015,0.001
1774496924.879967,1.235,-9999.000000,29.900922,22.177163,30.0,40.4992,HIGH,0.6,0.015,0.001
1774496924.9406762,1.296,-9999.000000,29.896389,22.177939,30.0,40.7755,HIGH,0.6,0.015,0.001
1774496925.0022306,1.358,-9999.000000,29.891446,22.178717,30.0,41.0792,HIGH,0.6,0.015,0.001
1774496925.065771,1.421,-9999.000000,29.888562,22.178717,30.0,41.2594,HIGH,0.6,0.015,0.001
1774496925.1279001,1.483,-9999.000000,29.874553,22.179883,30.0,42.1243,HIGH,0.6,0.015,0.001
1774496925.19684,1.552,-9999.000000,29.878673,22.178717,30.0,41.8664,HIGH,0.6,0.015,0.001
1774496925.2555282,1.611,-9999.000000,29.874967,22.174057,30.0,42.1332,HIGH,0.6,0.015,0.001
1774496925.379855,1.735,-9999.000000,29.867141,22.178329,30.0,42.6081,HIGH,0.6,0.015,0.001
1774496925.509074,1.865,-9999.000000,29.857666,22.179495,30.0,43.2000,HIGH,0.6,0.015,0.001
1774496925.5762935,1.932,-9999.000000,29.861374,22.180658,30.0,42.9733,HIGH,0.6,0.015,0.001
1774496925.6319478,1.987,-9999.000000,29.850256,22.180658,30.0,43.6784,HIGH,0.6,0.015,0.001
1774496925.6906915,2.046,-9999.000000,29.845726,22.181048,30.0,43.9498,HIGH,0.6,0.015,0.001
1774496925.7560194,2.112,-9999.000000,29.842018,22.181436,30.0,44.1839,HIGH,0.6,0.015,0.001
1774496925.8183606,2.174,-9999.000000,29.823902,22.182989,30.0,45.3037,HIGH,0.6,0.015,0.001
1774496925.8797722,2.235,-9999.000000,29.832960,22.182211,30.0,44.7353,HIGH,0.6,0.015,0.001
1774496925.9390433,2.295,-9999.000000,29.829256,22.182602,30.0,44.9920,HIGH,0.6,0.015,0.001
1774496926.002744,2.358,-9999.000000,29.824727,22.182989,30.0,45.2796,HIGH,0.6,0.015,0.001
1774496926.0655494,2.421,-9999.000000,29.820609,22.183377,30.0,45.5412,HIGH,0.6,0.015,0.001
1774496926.129751,2.485,-9999.000000,29.816906,22.183768,30.0,45.7785,HIGH,0.6,0.015,0.001
1774496926.1995022,2.555,-9999.000000,29.810320,22.183377,30.0,46.1989,HIGH,0.6,0.015,0.001
1774496926.267875,2.623,-9999.000000,29.807439,22.184155,30.0,46.3828,HIGH,0.6,0.015,0.001
1774496926.3261714,2.682,-9999.000000,29.807849,22.185321,30.0,46.3647,HIGH,0.6,0.015,0.001
1774496926.3880067,2.743,-9999.000000,29.799619,22.183377,30.0,46.9000,HIGH,0.6,0.015,0.001
1774496926.4475238,2.803,-9999.000000,29.796738,22.187262,30.0,47.0649,HIGH,0.6,0.015,0.001
1774496926.5045543,2.860,-9999.000000,29.792210,22.185709,30.0,47.3644,HIGH,0.6,0.015,0.001
1774496926.5684767,2.924,-9999.000000,29.788505,22.185709,30.0,47.6049,HIGH,0.6,0.015,0.001
1774496926.6350873,2.991,-9999.000000,29.783978,22.185709,30.0,47.8991,HIGH,0.6,0.015,0.001
1774496926.6974232,3.053,-9999.000000,29.781097,22.186096,30.0,48.0885,HIGH,0.6,0.015,0.001
1774496926.7600653,3.116,-9999.000000,29.777395,22.186484,30.0,48.3171,LOW,0.2,0.005,0.0
1774496926.8158891,3.171,-9999.000000,29.778630,22.186096,30.0,48.3003,LOW,0.2,0.005,0.0
1774496926.8804567,3.236,-9999.000000,29.770813,22.186484,30.0,48.4623,LOW,0.2,0.005,0.0
1774496926.9399185,3.295,-9999.000000,29.766287,22.182211,30.0,48.5792,LOW,0.2,0.005,0.0
1774496927.0044706,3.360,-9999.000000,29.762996,22.186096,30.0,48.6350,LOW,0.2,0.005,0.0
1774496927.0723128,3.428,-9999.000000,29.757236,22.186096,30.0,48.7585,LOW,0.2,0.005,0.0
1774496927.1302202,3.486,-9999.000000,29.760527,22.186874,30.0,48.6960,LOW,0.2,0.005,0.0
1774496927.1933236,3.549,-9999.000000,29.751887,22.187650,30.0,48.8731,LOW,0.2,0.005,0.0
1774496927.2535193,3.609,-9999.000000,29.747362,22.186096,30.0,48.9783,LOW,0.2,0.005,0.0
1774496927.315674,3.671,-9999.000000,29.745306,22.186484,30.0,49.0256,LOW,0.2,0.005,0.0
1774496927.377985,3.733,-9999.000000,29.741606,22.186874,30.0,49.1059,LOW,0.2,0.005,0.0
1774496927.442547,3.798,-9999.000000,29.737902,22.187650,30.0,49.1849,LOW,0.2,0.005,0.0
1774496927.5088425,3.864,-9999.000000,29.732968,22.186874,30.0,49.2959,LOW,0.2,0.005,0.0
1774496927.568815,3.924,-9999.000000,29.730089,22.186874,30.0,49.3616,LOW,0.2,0.005,0.0
1774496927.6299098,3.985,-9999.000000,29.728444,22.187262,30.0,49.4010,LOW,0.2,0.005,0.0
1774496927.6925232,4.048,-9999.000000,29.696372,22.186874,30.0,50.0537,LOW,0.2,0.005,0.0
1774496927.7531111,4.109,-9999.000000,29.718986,22.187262,30.0,49.6082,LOW,0.2,0.005,0.0
1774496927.818355,4.174,-9999.000000,29.709940,22.187262,30.0,49.7986,LOW,0.2,0.005,0.0
1774496927.8798058,4.235,-9999.000000,29.715284,22.187650,30.0,49.6987,LOW,0.2,0.005,0.0
1774496927.9425914,4.298,-9999.000000,29.711174,22.188428,30.0,49.7864,LOW,0.2,0.005,0.0
1774496928.00558,4.361,-9999.000000,29.708296,22.188428,30.0,49.8532,LOW,0.2,0.005,0.0
1774496928.0686784,4.424,-9999.000000,29.703773,22.187650,30.0,49.9565,LOW,0.2,0.005,0.0
1774496928.1399171,4.495,-9999.000000,29.702539,22.187650,30.0,49.9918,LOW,0.2,0.005,0.0
1774496928.2014604,4.557,-9999.000000,29.698016,22.187262,30.0,50.0933,LOW,0.2,0.005,0.0
1774496928.2596936,4.615,-9999.000000,29.696372,22.186874,30.0,50.1368,LOW,0.2,0.005,0.0
1774496928.3169644,4.672,-9999.000000,29.693905,22.186096,30.0,50.1984,LOW,0.2,0.005,0.0
1774496928.386216,4.742,-9999.000000,29.690206,22.186096,30.0,50.2831,LOW,0.2,0.005,0.0
1774496928.44368,4.799,-9999.000000,29.688152,22.185709,30.0,50.3349,LOW,0.2,0.005,0.0
1774496928.5051916,4.861,-9999.000000,29.684861,22.185709,30.0,50.4105,LOW,0.2,0.005,0.0
1774496928.5650282,4.921,-9999.000000,29.683217,22.185709,30.0,50.4528,LOW,0.2,0.005,0.0
1774496928.6334617,4.989,-9999.000000,29.676231,22.185321,30.0,50.6054,LOW,0.2,0.005,0.0
1774496928.6924918,5.048,-9999.000000,29.666366,22.186484,30.0,50.8072,LOW,0.2,0.005,0.0
1774496928.7523723,5.108,-9999.000000,29.674174,22.186096,30.0,50.6626,LOW,0.2,0.005,0.0
1774496928.827279,5.183,-9999.000000,29.660202,22.186484,30.0,50.9530,LOW,0.2,0.005,0.0
1774496929.1947887,5.550,-9999.000000,29.656505,22.187650,30.0,51.0848,LOW,0.2,0.005,0.0
1774496929.304207,5.660,-9999.000000,29.651161,22.192700,30.0,51.1878,LOW,0.2,0.005,0.0
1774496929.4176714,5.773,-9999.000000,29.634316,22.194254,30.0,51.5383,LOW,0.2,0.005,0.0
1774496929.5321515,5.888,-9999.000000,29.643355,22.196195,30.0,51.3692,LOW,0.2,0.005,0.0
1774496929.6427126,5.998,-9999.000000,29.638425,22.197749,30.0,51.4807,LOW,0.2,0.005,0.0
1774496929.7574592,6.113,-9999.000000,29.634729,22.199302,30.0,51.5685,LOW,0.2,0.005,0.0
1774496929.8677073,6.223,-9999.000000,29.628154,22.200080,30.0,51.7170,LOW,0.2,0.005,0.0
1774496929.9803298,6.336,-9999.000000,29.626101,22.201634,30.0,51.7720,LOW,0.2,0.005,0.0
1774496930.0908995,6.446,-9999.000000,29.622816,22.203966,30.0,51.8480,LOW,0.2,0.005,0.0
1774496930.205824,6.561,-9999.000000,29.618297,22.206294,30.0,51.9497,LOW,0.2,0.005,0.0
1774496930.3239427,6.679,-9999.000000,29.614599,22.208626,30.0,52.0358,LOW,0.2,0.005,0.0
1774496930.4467082,6.802,-9999.000000,29.610903,22.211733,30.0,52.1195,LOW,0.2,0.005,0.0
1774496930.5603466,6.916,-9999.000000,29.606385,22.213674,30.0,52.2234,LOW,0.2,0.005,0.0
1774496930.6779473,7.033,-9999.000000,29.603100,22.216394,30.0,52.3001,LOW,0.2,0.005,0.0
1774496930.7958434,7.151,-9999.000000,29.599403,22.218726,30.0,52.3870,LOW,0.2,0.005,0.0
1774496930.9132013,7.269,-9999.000000,29.594885,22.219501,30.0,52.4976,LOW,0.2,0.005,0.0
1774496931.0284662,7.384,-9999.000000,29.592014,22.223387,30.0,52.5609,LOW,0.2,0.005,0.0
1774496931.14775,7.503,-9999.000000,29.575589,22.224165,30.0,52.9112,LOW,0.2,0.005,0.0
1774496931.2645826,7.620,-9999.000000,29.594885,22.225328,30.0,52.5436,LOW,0.2,0.005,0.0
1774496931.3696947,7.725,-9999.000000,29.587497,22.226882,30.0,52.7060,LOW,0.2,0.005,0.0
1774496931.4851005,7.841,-9999.000000,29.592423,22.227660,30.0,52.6275,LOW,0.2,0.005,0.0
1774496931.6008923,7.956,-9999.000000,29.574767,22.228048,30.0,53.0035,LOW,0.2,0.005,0.0
1774496931.7175741,8.073,-9999.000000,29.571073,22.227660,30.0,53.1041,LOW,0.2,0.005,0.0
1774496931.8345442,8.190,-9999.000000,29.569021,22.224165,30.0,53.1862,LOW,0.2,0.005,0.0
1774496931.9500391,8.306,-9999.000000,29.564506,22.223387,30.0,53.3053,LOW,0.2,0.005,0.0
1774496932.0691755,8.425,-9999.000000,29.568199,22.219892,30.0,53.2730,LOW,0.2,0.005,0.0
1774496932.1874683,8.543,-9999.000000,29.558348,22.215619,30.0,53.5156,LOW,0.2,0.005,0.0
1774496932.309134,8.665,-9999.000000,29.554652,22.210180,30.0,53.6413,LOW,0.2,0.005,0.0
1774496932.4277878,8.783,-9999.000000,29.552601,22.206294,30.0,53.7265,LOW,0.2,0.005,0.0
1774496932.5483754,8.904,-9999.000000,29.548905,22.202409,30.0,53.8453,LOW,0.2,0.005,0.0
1774496932.6693099,9.025,-9999.000000,29.555475,22.199302,30.0,53.7549,LOW,0.2,0.005,0.0
1774496932.7891195,9.145,-9999.000000,29.543162,22.198136,30.0,54.0338,LOW,0.2,0.005,0.0
1774496932.9081144,9.264,-9999.000000,29.539876,22.195420,30.0,54.1393,LOW,0.2,0.005,0.0
1774496933.0269084,9.382,-9999.000000,29.534133,22.194642,30.0,54.2853,LOW,0.2,0.005,0.0
1774496933.1488233,9.504,-9999.000000,29.539057,22.190369,30.0,54.2344,LOW,0.2,0.005,0.0
1774496933.2700756,9.626,-9999.000000,29.532079,22.195420,30.0,54.3793,LOW,0.2,0.005,0.0
1774496933.391533,9.747,-9999.000000,29.529206,22.195807,30.0,54.4636,LOW,0.2,0.005,0.0
1774496933.5189035,9.874,-9999.000000,29.540288,22.198527,30.0,54.2589,LOW,0.2,0.005,0.0
1774496933.6400216,9.996,-9999.000000,29.524283,22.200468,30.0,54.5990,LOW,0.2,0.005,0.0
1774496933.7606115,10.116,-9999.000000,29.522642,22.203187,30.0,54.6482,LOW,0.2,0.005,0.0
1774496933.8827324,10.238,-9999.000000,29.520591,22.205519,30.0,54.7079,LOW,0.2,0.005,0.0
1774496934.0076327,10.363,-9999.000000,29.519360,22.207848,30.0,54.7520,LOW,0.2,0.005,0.0
1774496934.1342778,10.490,-9999.000000,29.516078,22.209792,30.0,54.8394,LOW,0.2,0.005,0.0
1774496934.2618368,10.617,-9999.000000,29.516487,22.211733,30.0,54.8533,LOW,0.2,0.005,0.0
1774496934.402478,10.758,-9999.000000,29.513615,22.211733,30.0,54.9449,LOW,0.2,0.005,0.0
1774496934.528097,10.884,-9999.000000,29.513615,22.212121,30.0,54.9737,LOW,0.2,0.005,0.0
1774496934.6551318,11.011,-9999.000000,29.510743,22.208626,30.0,55.0781,LOW,0.2,0.005,0.0
1774496934.781871,11.137,-9999.000000,29.498026,22.212121,30.0,55.3484,LOW,0.2,0.005,0.0
1774496934.910413,11.266,-9999.000000,29.508692,22.213674,30.0,55.1595,LOW,0.2,0.005,0.0
1774496935.0355241,11.391,-9999.000000,29.507051,22.215228,30.0,55.2161,LOW,0.2,0.005,0.0
1774496935.1616492,11.517,-9999.000000,29.503358,22.216394,30.0,55.3160,LOW,0.2,0.005,0.0
1774496935.2876728,11.643,-9999.000000,29.505411,22.218335,30.0,55.2973,LOW,0.2,0.005,0.0
1774496935.4129848,11.768,-9999.000000,29.504589,22.219501,30.0,55.3395,LOW,0.2,0.005,0.0
1774496935.544095,11.900,-9999.000000,29.503770,22.221833,30.0,55.3778,LOW,0.2,0.005,0.0
1774496935.6724725,12.028,-9999.000000,29.502539,22.222609,30.0,55.4308,LOW,0.2,0.005,0.0
1774496935.8052428,12.161,-9999.000000,29.501717,22.224553,30.0,55.4715,LOW,0.2,0.005,0.0
1774496935.9367604,12.292,-9999.000000,29.502129,22.225719,30.0,55.4907,LOW,0.2,0.005,0.0
1774496936.0576823,12.413,-9999.000000,29.500898,22.228048,30.0,55.5349,LOW,0.2,0.005,0.0
1774496936.178885,12.534,-9999.000000,29.500076,22.229992,30.0,55.5728,LOW,0.2,0.005,0.0
1774496936.2988117,12.654,-9999.000000,29.499257,22.231546,30.0,55.6122,LOW,0.2,0.005,0.0
1774496936.420187,12.776,-9999.000000,29.498845,22.233487,30.0,55.6420,LOW,0.2,0.005,0.0
1774496936.5400658,12.896,-9999.000000,29.468085,22.236982,30.0,56.2732,LOW,0.2,0.005,0.0
1774496936.6673129,13.023,-9999.000000,29.498026,22.238927,30.0,55.6975,LOW,0.2,0.005,0.0
1774496936.790764,13.146,-9999.000000,29.491873,22.242810,30.0,55.8342,LOW,0.2,0.005,0.0
1774496936.9102805,13.266,-9999.000000,29.498436,22.245529,30.0,55.7206,LOW,0.2,0.005,0.0
1774496937.0333507,13.389,-9999.000000,29.498026,22.247862,30.0,55.7491,LOW,0.2,0.005,0.0
1774496937.1577134,13.513,-9999.000000,29.496795,22.249803,30.0,55.7962,LOW,0.2,0.005,0.0
1774496937.2803702,13.636,-9999.000000,29.496795,22.251748,30.0,55.8182,LOW,0.2,0.005,0.0
1774496937.4044144,13.760,-9999.000000,29.495976,22.255243,30.0,55.8499,LOW,0.2,0.005,0.0
1774496937.5304658,13.886,-9999.000000,29.495976,22.256797,30.0,55.8746,LOW,0.2,0.005,0.0
1774496937.6549473,14.010,-9999.000000,29.485721,22.259904,30.0,56.0976,LOW,0.2,0.005,0.0
1774496937.7785857,14.134,-9999.000000,29.496795,22.263791,30.0,55.8896,LOW,0.2,0.005,0.0
1774496937.9046454,14.260,-9999.000000,29.495976,22.268452,30.0,55.9165,LOW,0.2,0.005,0.0
1774496938.0299873,14.385,-9999.000000,29.492692,22.271951,30.0,55.9981,LOW,0.2,0.005,0.0
1774496938.155524,14.511,-9999.000000,29.495564,22.275834,30.0,55.9547,LOW,0.2,0.005,0.0
1774496938.2898197,14.645,-9999.000000,29.494336,22.277779,30.0,56.0044,LOW,0.2,0.005,0.0
1774496938.4155958,14.771,-9999.000000,29.474236,22.277779,30.0,56.4394,LOW,0.2,0.005,0.0
1774496938.5425477,14.898,-9999.000000,29.511974,22.276613,30.0,55.7209,LOW,0.2,0.005,0.0
1774496938.6799586,15.035,-9999.000000,29.483259,22.276225,30.0,56.3325,LOW,0.2,0.005,0.0
1774496938.8114913,15.167,-9999.000000,29.497204,22.275059,30.0,56.0920,LOW,0.2,0.005,0.0
1774496938.9392955,15.295,-9999.000000,29.494336,22.275447,30.0,56.1799,LOW,0.2,0.005,0.0
1774496939.0442135,15.400,-9999.000000,29.489823,22.275059,30.0,56.2987,LOW,0.2,0.005,0.0
1774496939.1525855,15.508,-9999.000000,29.507051,22.276225,30.0,55.9755,LOW,0.2,0.005,0.0
1774496939.2565882,15.612,-9999.000000,29.498026,22.275834,30.0,56.1839,LOW,0.2,0.005,0.0
1774496939.376487,15.732,-9999.000000,29.498845,22.276225,30.0,56.1958,LOW,0.2,0.005,0.0
1774496939.5019672,15.857,-9999.000000,29.497617,22.277779,30.0,56.2448,LOW,0.2,0.005,0.0
1774496939.6282434,15.984,-9999.000000,29.499667,22.278555,30.0,56.2319,LOW,0.2,0.005,0.0
1774496939.755803,16.111,-9999.000000,29.498436,22.278942,30.0,56.2867,LOW,0.2,0.005,0.0
1774496939.871742,16.227,-9999.000000,29.498026,22.280499,30.0,56.3169,LOW,0.2,0.005,0.0
1774496940.0089066,16.364,-9999.000000,29.499257,22.282053,30.0,56.3196,LOW,0.2,0.005,0.0
1774496940.125531,16.481,-9999.000000,29.500489,22.283607,30.0,56.3170,LOW,0.2,0.005,0.0
1774496940.2323458,16.588,-9999.000000,29.500489,22.285161,30.0,56.3366,LOW,0.2,0.005,0.0
1774496940.3383176,16.694,-9999.000000,29.499667,22.286715,30.0,56.3725,LOW,0.2,0.005,0.0
1774496940.4466586,16.802,-9999.000000,29.500898,22.288269,30.0,56.3679,LOW,0.2,0.005,0.0
1774496940.552303,16.908,-9999.000000,29.500489,22.289823,30.0,56.3954,LOW,0.2,0.005,0.0
1774496940.6596217,17.015,-9999.000000,29.499667,22.291377,30.0,56.4316,LOW,0.2,0.005,0.0
1774496940.7703354,17.126,-9999.000000,29.501307,22.293319,30.0,56.4176,LOW,0.2,0.005,0.0
1774496940.8804853,17.236,-9999.000000,29.502129,22.296040,30.0,56.4162,LOW,0.2,0.005,0.0
1774496940.9858909,17.341,-9999.000000,29.503358,22.296818,30.0,56.4143,LOW,0.2,0.005,0.0
1774496941.1014836,17.457,-9999.000000,29.506230,22.295264,30.0,56.3924,LOW,0.2,0.005,0.0
1774496941.217814,17.573,-9999.000000,29.503358,22.296818,30.0,56.4717,LOW,0.2,0.005,0.0
1774496941.3290539,17.685,-9999.000000,29.503770,22.296430,30.0,56.4928,LOW,0.2,0.005,0.0
1774496941.4366848,17.792,-9999.000000,29.505001,22.295652,30.0,56.4984,LOW,0.2,0.005,0.0
1774496941.5469818,17.902,-9999.000000,29.504589,22.295652,30.0,56.5339,LOW,0.2,0.005,0.0
1774496941.6593716,18.015,-9999.000000,29.481618,22.293710,30.0,57.0313,LOW,0.2,0.005,0.0
1774496941.7709272,18.126,-9999.000000,29.505001,22.292544,30.0,56.5965,LOW,0.2,0.005,0.0
1774496941.8773715,18.233,-9999.000000,29.505411,22.288269,30.0,56.6341,LOW,0.2,0.005,0.0
1774496941.9862447,18.342,-9999.000000,29.505820,22.286328,30.0,56.6616,LOW,0.2,0.005,0.0
1774496942.0966325,18.452,-9999.000000,29.506642,22.287491,30.0,56.6671,LOW,0.2,0.005,0.0
1774496942.207962,18.563,-9999.000000,29.506230,22.287491,30.0,56.7029,LOW,0.2,0.005,0.0
1774496942.315635,18.671,-9999.000000,29.519769,22.289436,30.0,56.4491,LOW,0.2,0.005,0.0
1774496942.428306,18.784,-9999.000000,29.507461,22.289823,30.0,56.7213,LOW,0.2,0.005,0.0
1774496942.539263,18.895,-9999.000000,29.499667,22.289823,30.0,56.9049,LOW,0.2,0.005,0.0
1774496942.6560607,19.012,-9999.000000,29.512796,22.291765,30.0,56.6619,LOW,0.2,0.005,0.0
1774496942.7644653,19.120,-9999.000000,29.507461,22.291377,30.0,56.7971,LOW,0.2,0.005,0.0
1774496942.8741763,19.230,-9999.000000,29.511974,22.292156,30.0,56.7301,LOW,0.2,0.005,0.0
1774496942.9825835,19.338,-9999.000000,29.511974,22.292156,30.0,56.7565,LOW,0.2,0.005,0.0
1774496943.0948637,19.450,-9999.000000,29.511564,22.292156,30.0,56.7921,LOW,0.2,0.005,0.0
1774496943.2066634,19.562,-9999.000000,29.514437,22.292156,30.0,56.7618,LOW,0.2,0.005,0.0
1774496943.3163824,19.672,-9999.000000,29.514437,22.292156,30.0,56.7885,LOW,0.2,0.005,0.0
1774496943.4295397,19.785,-9999.000000,29.513205,22.292156,30.0,56.8406,LOW,0.2,0.005,0.0
1774496943.5460443,19.902,-9999.000000,29.516487,22.292932,30.0,56.7996,LOW,0.2,0.005,0.0
1774496943.6574676,20.013,-9999.000000,29.516897,22.292932,30.0,56.8184,LOW,0.2,0.005,0.0
1774496943.7696738,20.125,-9999.000000,29.518128,22.294098,30.0,56.8155,LOW,0.2,0.005,0.0
1774496943.879333,20.235,-9999.000000,29.519360,22.295264,30.0,56.8119,LOW,0.2,0.005,0.0
1774496943.9903247,20.346,-9999.000000,29.521823,22.297206,30.0,56.7803,LOW,0.2,0.005,0.0
1774496944.1016402,20.457,-9999.000000,29.520179,22.297985,30.0,56.8364,LOW,0.2,0.005,0.0
1774496944.2163453,20.572,-9999.000000,29.529206,22.299926,30.0,56.6740,LOW,0.2,0.005,0.0
1774496944.331551,20.687,-9999.000000,29.523464,22.298372,30.0,56.8234,LOW,0.2,0.005,0.0
1774496944.4463065,20.802,-9999.000000,29.524283,22.297206,30.0,56.8396,LOW,0.2,0.005,0.0
1774496944.5617936,20.917,-9999.000000,29.525105,22.294486,30.0,56.8629,LOW,0.2,0.005,0.0
1774496944.6757488,21.031,-9999.000000,29.525105,22.289823,30.0,56.9112,LOW,0.2,0.005,0.0
1774496944.795467,21.151,-9999.000000,29.528797,22.284771,30.0,56.8885,LOW,0.2,0.005,0.0
1774496944.9116747,21.267,-9999.000000,29.527978,22.280887,30.0,56.9500,LOW,0.2,0.005,0.0
1774496945.0264146,21.382,-9999.000000,29.530847,22.277388,30.0,56.9354,LOW,0.2,0.005,0.0
1774496945.1451163,21.501,-9999.000000,29.532079,22.273893,30.0,56.9544,LOW,0.2,0.005,0.0
1774496945.2616832,21.617,-9999.000000,29.532079,22.271173,30.0,56.9941,LOW,0.2,0.005,0.0
1774496945.3773913,21.733,-9999.000000,29.533720,22.271173,30.0,56.9882,LOW,0.2,0.005,0.0
1774496945.4931846,21.849,-9999.000000,29.528797,22.271560,30.0,57.1122,LOW,0.2,0.005,0.0
1774496945.60919,21.965,-9999.000000,29.536184,22.272726,30.0,56.9861,LOW,0.2,0.005,0.0
1774496945.727873,22.083,-9999.000000,29.536593,22.271560,30.0,57.0107,LOW,0.2,0.005,0.0
1774496945.8532891,22.209,-9999.000000,29.537415,22.273893,30.0,57.0127,LOW,0.2,0.005,0.0
1774496946.0151381,22.371,-9999.000000,29.540698,22.273505,30.0,56.9859,LOW,0.2,0.005,0.0
1774496946.133911,22.489,-9999.000000,29.542339,22.273505,30.0,56.9803,LOW,0.2,0.005,0.0
1774496946.2500222,22.606,-9999.000000,29.541930,22.273893,30.0,57.0133,LOW,0.2,0.005,0.0
1774496946.3683457,22.724,-9999.000000,29.543571,22.276613,30.0,56.9951,LOW,0.2,0.005,0.0
1774496946.4895146,22.845,-9999.000000,29.543981,22.278167,30.0,57.0075,LOW,0.2,0.005,0.0
1774496946.6123219,22.968,-9999.000000,29.546445,22.273893,30.0,57.0055,LOW,0.2,0.005,0.0
1774496946.7424862,23.098,-9999.000000,29.546445,22.270785,30.0,57.0491,LOW,0.2,0.005,0.0
1774496946.8615212,23.217,-9999.000000,29.548086,22.266511,30.0,57.0626,LOW,0.2,0.005,0.0
1774496946.9904466,23.346,-9999.000000,29.548496,22.261071,30.0,57.1083,LOW,0.2,0.005,0.0
1774496947.1176546,23.473,-9999.000000,29.549728,22.256021,30.0,57.1352,LOW,0.2,0.005,0.0
1774496947.2377844,23.593,-9999.000000,29.550137,22.253689,30.0,57.1647,LOW,0.2,0.005,0.0
1774496947.3590043,23.714,-9999.000000,29.550959,22.250194,30.0,57.1913,LOW,0.2,0.005,0.0
1774496947.4795356,23.835,-9999.000000,29.553011,22.247083,30.0,57.1914,LOW,0.2,0.005,0.0
1774496947.6000707,23.956,-9999.000000,29.553420,22.242422,30.0,57.2313,LOW,0.2,0.005,0.0
1774496947.7201436,24.076,-9999.000000,29.555884,22.238927,30.0,57.2245,LOW,0.2,0.005,0.0
1774496947.842411,24.198,-9999.000000,29.555062,22.236207,30.0,57.2806,LOW,0.2,0.005,0.0
1774496947.9979458,24.353,-9999.000000,29.527155,22.233099,30.0,57.8896,LOW,0.2,0.005,0.0
1774496948.1487305,24.504,-9999.000000,29.557526,22.231933,30.0,57.3208,LOW,0.2,0.005,0.0
1774496948.2869985,24.642,-9999.000000,29.553011,22.231546,30.0,57.4438,LOW,0.2,0.005,0.0
1774496948.4076343,24.763,-9999.000000,29.559168,22.231546,30.0,57.3472,LOW,0.2,0.005,0.0
1774496948.55013,24.906,-9999.000000,29.560809,22.232321,30.0,57.3422,LOW,0.2,0.005,0.0
1774496948.684191,25.040,-9999.000000,29.560809,22.231933,30.0,57.3734,LOW,0.2,0.005,0.0
1774496948.8186407,25.174,-9999.000000,29.562861,22.231933,30.0,57.3617,LOW,0.2,0.005,0.0
1774496948.94489,25.300,-9999.000000,29.564915,22.232709,30.0,57.3446,LOW,0.2,0.005,0.0
1774496949.0899634,25.445,-9999.000000,29.564506,22.234265,30.0,57.3773,LOW,0.2,0.005,0.0
1774496949.2119157,25.567,-9999.000000,29.567376,22.235819,30.0,57.3392,LOW,0.2,0.005,0.0
1774496949.3493795,25.705,-9999.000000,29.567789,22.238148,30.0,57.3501,LOW,0.2,0.005,0.0
1774496949.484184,25.840,-9999.000000,29.574357,22.239314,30.0,57.2421,LOW,0.2,0.005,0.0
1774496949.611562,25.967,-9999.000000,29.569841,22.237761,30.0,57.3669,LOW,0.2,0.005,0.0
1774496949.7399335,26.095,-9999.000000,29.570663,22.237761,30.0,57.3780,LOW,0.2,0.005,0.0
1774496949.8724656,26.228,-9999.000000,29.543981,22.235041,30.0,57.9542,LOW,0.2,0.005,0.0
1774496949.995779,26.351,-9999.000000,29.572715,22.233875,30.0,57.4112,LOW,0.2,0.005,0.0
1774496950.1315305,26.487,-9999.000000,29.574767,22.229214,30.0,57.4202,LOW,0.2,0.005,0.0
1774496950.2648766,26.620,-9999.000000,29.574767,22.228826,30.0,57.4503,LOW,0.2,0.005,0.0
1774496950.390234,26.746,-9999.000000,29.576821,22.226106,30.0,57.4481,LOW,0.2,0.005,0.0
1774496950.521696,26.877,-9999.000000,29.573534,22.224165,30.0,57.5507,LOW,0.2,0.005,0.0
1774496950.6577702,27.013,-9999.000000,29.579696,22.223387,30.0,57.4596,LOW,0.2,0.005,0.0
1774496950.7985368,27.154,-9999.000000,29.580925,22.224553,30.0,57.4592,LOW,0.2,0.005,0.0
1774496950.9530892,27.309,-9999.000000,29.598173,22.224940,30.0,57.1435,LOW,0.2,0.005,0.0
1774496951.0845246,27.440,-9999.000000,29.583390,22.225719,30.0,57.4631,LOW,0.2,0.005,0.0
1774496951.2244678,27.580,-9999.000000,29.585032,22.227660,30.0,57.4504,LOW,0.2,0.005,0.0
1774496951.358432,27.714,-9999.000000,29.586264,22.229992,30.0,57.4429,LOW,0.2,0.005,0.0
1774496951.4886096,27.844,-9999.000000,29.586264,22.232709,30.0,57.4575,LOW,0.2,0.005,0.0
1774496951.6215801,27.977,-9999.000000,29.587906,22.236207,30.0,57.4361,LOW,0.2,0.005,0.0
1774496951.7509534,28.106,-9999.000000,29.588726,22.239702,30.0,57.4304,LOW,0.2,0.005,0.0
1774496951.8802161,28.236,-9999.000000,29.591191,22.242422,30.0,57.3952,LOW,0.2,0.005,0.0
1774496952.0116327,28.367,-9999.000000,29.567376,22.247862,30.0,57.8752,LOW,0.2,0.005,0.0
1774496952.1500318,28.506,-9999.000000,29.592014,22.252135,30.0,57.3913,LOW,0.2,0.005,0.0
1774496952.2800195,28.636,-9999.000000,29.593243,22.254077,30.0,57.3843,LOW,0.2,0.005,0.0
1774496952.4133468,28.769,-9999.000000,29.594066,22.256797,30.0,57.3825,LOW,0.2,0.005,0.0
1774496952.5466838,28.902,-9999.000000,29.594885,22.260295,30.0,57.3772,LOW,0.2,0.005,0.0
1774496952.6826236,29.038,-9999.000000,29.596118,22.263012,30.0,57.3677,LOW,0.2,0.005,0.0
1774496952.8251727,29.181,-9999.000000,29.595298,22.265732,30.0,57.4006,LOW,0.2,0.005,0.0
1774496952.9608202,29.316,-9999.000000,29.596531,22.266898,30.0,57.3980,LOW,0.2,0.005,0.0
1774496953.08925,29.445,-9999.000000,29.598173,22.269231,30.0,57.3803,LOW,0.2,0.005,0.0
1774496953.225019,29.581,-9999.000000,29.598173,22.271951,30.0,57.3952,LOW,0.2,0.005,0.0
1774496953.4202404,29.776,-9999.000000,29.599403,22.274671,30.0,57.3974,LOW,0.2,0.005,0.0
1774496953.5670886,29.923,-9999.000000,29.600225,22.277001,30.0,57.3997,LOW,0.2,0.005,0.0
1774496953.700434,30.056,-9999.000000,29.590371,22.278555,30.0,57.6170,LOW,0.2,0.005,0.0
1774496953.83341,30.189,-9999.000000,29.601458,22.280887,30.0,57.4112,LOW,0.2,0.005,0.0
1774496953.9680066,30.323,-9999.000000,29.601458,22.282053,30.0,57.4327,LOW,0.2,0.005,0.0
1774496954.1022496,30.458,-9999.000000,29.602278,22.283995,30.0,57.4342,LOW,0.2,0.005,0.0
1774496954.252611,30.608,-9999.000000,29.603510,22.287103,30.0,57.4252,LOW,0.2,0.005,0.0
1774496954.3954005,30.751,-9999.000000,29.596531,22.289045,30.0,57.5848,LOW,0.2,0.005,0.0
1774496954.5404446,30.896,-9999.000000,29.596941,22.291377,30.0,57.5952,LOW,0.2,0.005,0.0
1774496954.690561,31.046,-9999.000000,29.600635,22.291377,30.0,57.5513,LOW,0.2,0.005,0.0
1774496954.8225777,31.178,-9999.000000,29.604333,22.290211,30.0,57.5088,LOW,0.2,0.005,0.0
1774496954.9509215,31.306,-9999.000000,29.604333,22.289823,30.0,57.5359,LOW,0.2,0.005,0.0
1774496955.0799582,31.435,-9999.000000,29.603920,22.289823,30.0,57.5697,LOW,0.2,0.005,0.0
1774496955.2454753,31.601,-9999.000000,29.605563,22.289045,30.0,57.5731,LOW,0.2,0.005,0.0
1774496955.3943741,31.750,-9999.000000,29.605153,22.287103,30.0,57.6195,LOW,0.2,0.005,0.0
1774496955.5456965,31.901,-9999.000000,29.593656,22.284771,30.0,57.8908,LOW,0.2,0.005,0.0
1774496955.6939259,32.049,-9999.000000,29.607618,22.285937,30.0,57.6353,LOW,0.2,0.005,0.0
1774496955.8417113,32.197,-9999.000000,29.613779,22.286328,30.0,57.5389,LOW,0.2,0.005,0.0
1774496955.9836,32.339,-9999.000000,29.607208,22.287103,30.0,57.6946,LOW,0.2,0.005,0.0
1774496956.129642,32.485,-9999.000000,29.607618,22.288269,30.0,57.7098,LOW,0.2,0.005,0.0
1774496956.2785332,32.634,-9999.000000,29.608028,22.292932,30.0,57.7095,LOW,0.2,0.005,0.0
1774496956.4185348,32.774,-9999.000000,29.608851,22.294098,30.0,57.7152,LOW,0.2,0.005,0.0
1774496956.5583043,32.914,-9999.000000,29.610081,22.296818,30.0,57.7055,LOW,0.2,0.005,0.0
1774496956.6974027,33.053,-9999.000000,29.610493,22.298372,30.0,57.7172,LOW,0.2,0.005,0.0
1774496956.8423896,33.198,-9999.000000,29.610493,22.300314,30.0,57.7366,LOW,0.2,0.005,0.0
1774496956.9873943,33.343,-9999.000000,29.610493,22.302259,30.0,57.7560,LOW,0.2,0.005,0.0
1774496957.1514847,33.507,-9999.000000,29.617887,22.304977,30.0,57.6272,LOW,0.2,0.005,0.0
1774496957.3331141,33.689,-9999.000000,29.612136,22.307697,30.0,57.7650,LOW,0.2,0.005,0.0
1774496957.4844072,33.840,-9999.000000,29.608438,22.310808,30.0,57.8545,LOW,0.2,0.005,0.0
1774496957.6350312,33.991,-9999.000000,29.612956,22.313138,30.0,57.7827,LOW,0.2,0.005,0.0
1774496957.8109431,34.166,-9999.000000,29.615421,22.316638,30.0,57.7513,LOW,0.2,0.005,0.0
1774496957.9547844,34.310,-9999.000000,29.609261,22.318580,30.0,57.8938,LOW,0.2,0.005,0.0
1774496958.0948942,34.450,-9999.000000,29.617064,22.320522,30.0,57.7557,LOW,0.2,0.005,0.0
1774496958.2453196,34.601,-9999.000000,29.617474,22.322467,30.0,57.7674,LOW,0.2,0.005,0.0
1774496958.385538,34.741,-9999.000000,29.619117,22.322854,30.0,57.7595,LOW,0.2,0.005,0.0
1774496958.526111,34.882,-9999.000000,29.620350,22.324021,30.0,57.7563,LOW,0.2,0.005,0.0
1774496958.6697545,35.025,-9999.000000,29.621173,22.323630,30.0,57.7688,LOW,0.2,0.005,0.0
1774496958.8154075,35.171,-9999.000000,29.622406,22.324409,30.0,57.7681,LOW,0.2,0.005,0.0
1774496958.9562361,35.312,-9999.000000,29.622816,22.326742,30.0,57.7758,LOW,0.2,0.005,0.0
1774496959.1078038,35.463,-9999.000000,29.622816,22.327129,30.0,57.8027,LOW,0.2,0.005,0.0
1774496959.2475643,35.603,-9999.000000,29.626511,22.328684,30.0,57.7478,LOW,0.2,0.005,0.0
1774496959.389028,35.745,-9999.000000,29.627334,22.330238,30.0,57.7506,LOW,0.2,0.005,0.0
1774496959.54394,35.899,-9999.000000,29.624458,22.331017,30.0,57.8337,LOW,0.2,0.005,0.0
1774496959.720881,36.076,-9999.000000,29.644178,22.331792,30.0,57.4672,LOW,0.2,0.005,0.0
1774496959.890075,36.246,-9999.000000,29.630620,22.333347,30.0,57.7626,LOW,0.2,0.005,0.0
1774496960.0679893,36.423,-9999.000000,29.631440,22.335680,30.0,57.7684,LOW,0.2,0.005,0.0
1774496960.2356818,36.591,-9999.000000,29.633086,22.338788,30.0,57.7521,LOW,0.2,0.005,0.0
1774496960.3899403,36.745,-9999.000000,29.633906,22.341121,30.0,57.7533,LOW,0.2,0.005,0.0
1774496960.537285,36.893,-9999.000000,29.634729,22.342676,30.0,57.7567,LOW,0.2,0.005,0.0
1774496960.688102,37.044,-9999.000000,29.635959,22.346560,30.0,57.7419,LOW,0.2,0.005,0.0
1774496960.8366654,37.192,-9999.000000,29.636782,22.349281,30.0,57.7400,LOW,0.2,0.005,0.0
1774496960.9874337,37.343,-9999.000000,29.638015,22.350836,30.0,57.7356,LOW,0.2,0.005,0.0
1774496961.1169288,37.472,-9999.000000,29.639658,22.351614,30.0,57.7225,LOW,0.2,0.005,0.0
1774496961.2502325,37.606,-9999.000000,29.640479,22.353169,30.0,57.7230,LOW,0.2,0.005,0.0
1774496961.3954923,37.751,-9999.000000,29.641712,22.355890,30.0,57.7120,LOW,0.2,0.005,0.0
1774496961.5274336,37.883,-9999.000000,29.642122,22.354723,30.0,57.7327,LOW,0.2,0.005,0.0
1774496961.6593838,38.015,-9999.000000,29.642122,22.358220,30.0,57.7404,LOW,0.2,0.005,0.0
1774496961.7784755,38.134,-9999.000000,29.643355,22.358611,30.0,57.7352,LOW,0.2,0.005,0.0
1774496961.8843398,38.240,-9999.000000,29.641712,22.360166,30.0,57.7800,LOW,0.2,0.005,0.0
1774496961.9906974,38.346,-9999.000000,29.653628,22.360941,30.0,57.5566,LOW,0.2,0.005,0.0
1774496962.098002,38.453,-9999.000000,29.644588,22.361332,30.0,57.7547,LOW,0.2,0.005,0.0
1774496962.2071605,38.563,-9999.000000,29.644998,22.362496,30.0,57.7605,LOW,0.2,0.005,0.0
1774496962.315481,38.671,-9999.000000,29.647465,22.364441,30.0,57.7215,LOW,0.2,0.005,0.0
1774496962.4260614,38.782,-9999.000000,29.645821,22.364829,30.0,57.7722,LOW,0.2,0.005,0.0
1774496962.5340853,38.890,-9999.000000,29.646641,22.364441,30.0,57.7766,LOW,0.2,0.005,0.0
1774496962.6415396,38.997,-9999.000000,29.646641,22.365996,30.0,57.7885,LOW,0.2,0.005,0.0
1774496962.749869,39.105,-9999.000000,29.657325,22.365996,30.0,57.5934,LOW,0.2,0.005,0.0
1774496962.8588388,39.214,-9999.000000,29.649108,22.367550,30.0,57.7698,LOW,0.2,0.005,0.0
1774496962.9704804,39.326,-9999.000000,29.649518,22.368326,30.0,57.7776,LOW,0.2,0.005,0.0
1774496963.0800152,39.435,-9999.000000,29.650751,22.368326,30.0,57.7721,LOW,0.2,0.005,0.0
1774496963.1941867,39.550,-9999.000000,29.649518,22.369881,30.0,57.8097,LOW,0.2,0.005,0.0
1774496963.2978966,39.653,-9999.000000,29.649518,22.371047,30.0,57.8226,LOW,0.2,0.005,0.0
1774496963.4104607,39.766,-9999.000000,29.650341,22.371826,30.0,57.8223,LOW,0.2,0.005,0.0
1774496963.523617,39.879,-9999.000000,29.650751,22.373381,30.0,57.8267,LOW,0.2,0.005,0.0
1774496963.639698,39.995,-9999.000000,29.661845,22.374156,30.0,57.6210,LOW,0.2,0.005,0.0
1774496963.7500644,40.106,-9999.000000,29.651574,22.375323,30.0,57.8403,LOW,0.2,0.005,0.0
1774496963.8566985,40.212,-9999.000000,29.647875,22.376102,30.0,57.9295,LOW,0.2,0.005,0.0
1774496963.9702272,40.326,-9999.000000,29.650751,22.378432,30.0,57.8812,LOW,0.2,0.005,0.0
1774496964.0808725,40.436,-9999.000000,29.651984,22.379599,30.0,57.8705,LOW,0.2,0.005,0.0
1774496964.1901069,40.546,-9999.000000,29.653628,22.381545,30.0,57.8477,LOW,0.2,0.005,0.0
1774496964.29981,40.655,-9999.000000,29.652805,22.383875,30.0,57.8726,LOW,0.2,0.005,0.0
1774496964.4094062,40.765,-9999.000000,29.660615,22.385430,30.0,57.7280,LOW,0.2,0.005,0.0
1774496964.520409,40.876,-9999.000000,29.653218,22.386596,30.0,57.8899,LOW,0.2,0.005,0.0
1774496964.6304526,40.986,-9999.000000,29.654038,22.388539,30.0,57.8837,LOW,0.2,0.005,0.0
1774496964.7382944,41.094,-9999.000000,29.654448,22.388539,30.0,57.8941,LOW,0.2,0.005,0.0
1774496964.8503027,41.206,-9999.000000,29.653628,22.388930,30.0,57.9281,LOW,0.2,0.005,0.0
1774496964.9625514,41.318,-9999.000000,29.654861,22.390094,30.0,57.9175,LOW,0.2,0.005,0.0
1774496965.075526,41.431,-9999.000000,29.655681,22.391260,30.0,57.9153,LOW,0.2,0.005,0.0
1774496965.1854255,41.541,-9999.000000,29.656094,22.392039,30.0,57.9224,LOW,0.2,0.005,0.0
1774496965.2973585,41.653,-9999.000000,29.651984,22.392815,30.0,58.0205,LOW,0.2,0.005,0.0
1774496965.4117062,41.767,-9999.000000,29.657325,22.394761,30.0,57.9245,LOW,0.2,0.005,0.0
1774496965.5249286,41.880,-9999.000000,29.657325,22.396315,30.0,57.9368,LOW,0.2,0.005,0.0
1774496965.6322646,41.988,-9999.000000,29.657738,22.398258,30.0,57.9381,LOW,0.2,0.005,0.0
1774496965.746565,42.102,-9999.000000,29.653218,22.400201,30.0,58.0395,LOW,0.2,0.005,0.0
1774496965.8632653,42.219,-9999.000000,29.657738,22.403313,30.0,57.9549,LOW,0.2,0.005,0.0
1774496965.978331,42.334,-9999.000000,29.660202,22.404868,30.0,57.9181,LOW,0.2,0.005,0.0
1774496966.0934005,42.449,-9999.000000,29.666779,22.406423,30.0,57.7986,LOW,0.2,0.005,0.0
1774496966.204557,42.560,-9999.000000,29.660615,22.408366,30.0,57.9320,LOW,0.2,0.005,0.0
1774496966.3152,42.671,-9999.000000,29.661435,22.409145,30.0,57.9307,LOW,0.2,0.005,0.0
1774496966.427045,42.783,-9999.000000,29.661845,22.412642,30.0,57.9256,LOW,0.2,0.005,0.0
1774496966.5424366,42.898,-9999.000000,29.663079,22.413809,30.0,57.9150,LOW,0.2,0.005,0.0
1774496966.6526875,43.008,-9999.000000,29.662258,22.415364,30.0,57.9430,LOW,0.2,0.005,0.0
1774496966.7615554,43.117,-9999.000000,29.663902,22.416919,30.0,57.9213,LOW,0.2,0.005,0.0
1774496966.8737311,43.229,-9999.000000,29.672530,22.416531,30.0,57.7689,LOW,0.2,0.005,0.0
1774496966.9846392,43.340,-9999.000000,29.663489,22.413421,30.0,57.9825,LOW,0.2,0.005,0.0
1774496967.0964556,43.452,-9999.000000,29.661025,22.410699,30.0,58.0631,LOW,0.2,0.005,0.0
1774496967.2078216,43.563,-9999.000000,29.665132,22.407978,30.0,58.0120,LOW,0.2,0.005,0.0
1774496967.3354506,43.691,-9999.000000,29.665132,22.404089,30.0,58.0510,LOW,0.2,0.005,0.0
1774496967.4671829,43.823,-9999.000000,29.665546,22.399813,30.0,58.0842,LOW,0.2,0.005,0.0
1774496967.5774355,43.933,-9999.000000,29.666779,22.396703,30.0,58.0921,LOW,0.2,0.005,0.0
1774496967.6947496,44.050,-9999.000000,29.665956,22.393982,30.0,58.1405,LOW,0.2,0.005,0.0
1774496967.810426,44.166,-9999.000000,29.667599,22.388930,30.0,58.1498,LOW,0.2,0.005,0.0
1774496967.9227169,44.278,-9999.000000,29.668009,22.382320,30.0,58.1903,LOW,0.2,0.005,0.0
1774496968.038025,44.394,-9999.000000,29.665956,22.377269,30.0,58.2736,LOW,0.2,0.005,0.0
1774496968.1588545,44.514,-9999.000000,29.668009,22.371438,30.0,58.2791,LOW,0.2,0.005,0.0
1774496968.2953026,44.651,-9999.000000,29.669243,22.365217,30.0,58.3053,LOW,0.2,0.005,0.0
1774496968.418239,44.774,-9999.000000,29.670066,22.360166,30.0,58.3320,LOW,0.2,0.005,0.0
1774496968.5304615,44.886,-9999.000000,29.667599,22.355499,30.0,58.4212,LOW,0.2,0.005,0.0
1774496968.6500795,45.006,-9999.000000,29.670887,22.348506,30.0,58.4070,LOW,0.2,0.005,0.0
1774496968.767375,45.123,-9999.000000,29.681986,22.346560,30.0,58.2125,LOW,0.2,0.005,0.0
1774496968.8856385,45.241,-9999.000000,29.671300,22.342676,30.0,58.4633,LOW,0.2,0.005,0.0
1774496968.9977043,45.353,-9999.000000,29.673764,22.339176,30.0,58.4482,LOW,0.2,0.005,0.0
1774496969.115461,45.471,-9999.000000,29.671300,22.335680,30.0,58.5327,LOW,0.2,0.005,0.0
1774496969.231942,45.587,-9999.000000,29.671300,22.333735,30.0,58.5607,LOW,0.2,0.005,0.0
1774496969.346316,45.702,-9999.000000,29.668833,22.333347,30.0,58.6307,LOW,0.2,0.005,0.0
1774496969.4671965,45.823,-9999.000000,29.672530,22.333347,30.0,58.5766,LOW,0.2,0.005,0.0
1774496969.5857162,45.941,-9999.000000,29.668833,22.334125,30.0,58.6666,LOW,0.2,0.005,0.0
1774496969.6979496,46.053,-9999.000000,29.682396,22.335289,30.0,58.4079,LOW,0.2,0.005,0.0
1774496969.8169594,46.172,-9999.000000,29.673764,22.336455,30.0,58.5946,LOW,0.2,0.005,0.0
1774496969.9362009,46.292,-9999.000000,29.669653,22.336846,30.0,58.6948,LOW,0.2,0.005,0.0
1774496970.0609877,46.416,-9999.000000,29.673354,22.338010,30.0,58.6359,LOW,0.2,0.005,0.0
1774496970.1872995,46.543,-9999.000000,29.677052,22.336068,30.0,58.5911,LOW,0.2,0.005,0.0
1774496970.3145702,46.670,-9999.000000,29.673764,22.341121,30.0,58.6547,LOW,0.2,0.005,0.0
1774496970.4320343,46.788,-9999.000000,29.674998,22.339955,30.0,58.6544,LOW,0.2,0.005,0.0
1774496970.549742,46.905,-9999.000000,29.673354,22.339955,30.0,58.7065,LOW,0.2,0.005,0.0
1774496970.6662805,47.022,-9999.000000,29.652395,22.339955,30.0,59.1459,LOW,0.2,0.005,0.0
1774496970.7767038,47.132,-9999.000000,29.673764,22.341509,30.0,58.7295,LOW,0.2,0.005,0.0
1774496970.888984,47.244,-9999.000000,29.674174,22.343064,30.0,58.7325,LOW,0.2,0.005,0.0
1774496971.0009725,47.356,-9999.000000,29.673354,22.345006,30.0,58.7584,LOW,0.2,0.005,0.0
1774496971.1178823,47.473,-9999.000000,29.673764,22.346951,30.0,58.7604,LOW,0.2,0.005,0.0
1774496971.242578,47.598,-9999.000000,29.673354,22.349669,30.0,58.7766,LOW,0.2,0.005,0.0
1774496971.3562927,47.712,-9999.000000,29.674587,22.351227,30.0,58.7634,LOW,0.2,0.005,0.0
1774496971.470659,47.826,-9999.000000,29.673764,22.353169,30.0,58.7897,LOW,0.2,0.005,0.0
1774496971.586058,47.942,-9999.000000,29.673764,22.353945,30.0,58.8050,LOW,0.2,0.005,0.0
1774496971.700272,48.056,-9999.000000,29.671710,22.354723,30.0,58.8612,LOW,0.2,0.005,0.0
1774496971.8160725,48.172,-9999.000000,29.674587,22.354335,30.0,58.8243,LOW,0.2,0.005,0.0
1774496971.9316022,48.287,-9999.000000,29.674174,22.353557,30.0,58.8549,LOW,0.2,0.005,0.0
1774496972.049856,48.405,-9999.000000,29.674174,22.352002,30.0,58.8813,LOW,0.2,0.005,0.0
1774496972.1796875,48.535,-9999.000000,29.674998,22.351227,30.0,58.8894,LOW,0.2,0.005,0.0
1774496972.3015156,48.657,-9999.000000,29.674587,22.350060,30.0,58.9227,LOW,0.2,0.005,0.0
1774496972.431701,48.787,-9999.000000,29.676231,22.350060,30.0,58.9109,LOW,0.2,0.005,0.0
1774496972.5622094,48.918,-9999.000000,29.675408,22.350448,30.0,58.9468,LOW,0.2,0.005,0.0
1774496972.6867187,49.042,-9999.000000,29.675408,22.351614,30.0,58.9617,LOW,0.2,0.005,0.0
1774496972.8045459,49.160,-9999.000000,29.674174,22.352002,30.0,59.0038,LOW,0.2,0.005,0.0
1774496972.9178767,49.273,-9999.000000,29.674998,22.352390,30.0,59.0040,LOW,0.2,0.005,0.0
1774496973.0307481,49.386,-9999.000000,29.675818,22.353169,30.0,59.0024,LOW,0.2,0.005,0.0
1774496973.1489034,49.504,-9999.000000,29.676231,22.355111,30.0,59.0044,LOW,0.2,0.005,0.0
1774496973.2631454,49.619,-9999.000000,29.677465,22.355890,30.0,58.9946,LOW,0.2,0.005,0.0
1774496973.3830664,49.739,-9999.000000,29.677875,22.357444,30.0,58.9987,LOW,0.2,0.005,0.0
1774496973.5019312,49.857,-9999.000000,29.677875,22.357832,30.0,59.0160,LOW,0.2,0.005,0.0
1774496973.6501667,50.006,-9999.000000,29.678695,22.358999,30.0,59.0181,LOW,0.2,0.005,0.0
1774496973.7716007,50.127,-9999.000000,29.679929,22.358611,30.0,59.0147,LOW,0.2,0.005,0.0
1774496973.884542,50.240,-9999.000000,29.678695,22.359775,30.0,59.0522,LOW,0.2,0.005,0.0
1774496973.9993064,50.355,-9999.000000,29.679109,22.357444,30.0,59.0729,LOW,0.2,0.005,0.0
1774496974.110859,50.466,-9999.000000,29.689383,22.354335,30.0,58.8989,LOW,0.2,0.005,0.0
1774496974.2300754,50.586,-9999.000000,29.678695,22.349669,30.0,59.1530,LOW,0.2,0.005,0.0
1774496974.3453999,50.701,-9999.000000,29.681986,22.344618,30.0,59.1285,LOW,0.2,0.005,0.0
1774496974.4602747,50.816,-9999.000000,29.681163,22.339955,30.0,59.1845,LOW,0.2,0.005,0.0
1774496974.5733695,50.929,-9999.000000,29.682396,22.338010,30.0,59.1866,LOW,0.2,0.005,0.0
1774496974.693504,51.049,-9999.000000,29.682807,22.339955,30.0,59.1886,LOW,0.2,0.005,0.0
1774496974.8146622,51.170,-9999.000000,29.683217,22.340731,30.0,59.1961,LOW,0.2,0.005,0.0
1774496974.9360373,51.292,-9999.000000,29.686095,22.343064,30.0,59.1470,LOW,0.2,0.005,0.0
1774496975.0705261,51.426,-9999.000000,29.684861,22.345394,30.0,59.1822,LOW,0.2,0.005,0.0
1774496975.199666,51.555,-9999.000000,29.686505,22.346951,30.0,59.1625,LOW,0.2,0.005,0.0
1774496975.3284638,51.684,-9999.000000,29.686918,22.348893,30.0,59.1656,LOW,0.2,0.005,0.0
1774496975.4566398,51.812,-9999.000000,29.700071,22.349669,30.0,58.9182,LOW,0.2,0.005,0.0
1774496975.580178,51.936,-9999.000000,29.693084,22.348506,30.0,59.0822,LOW,0.2,0.005,0.0
1774496975.712369,52.068,-9999.000000,29.688562,22.348115,30.0,59.1950,LOW,0.2,0.005,0.0
1774496975.8334696,52.189,-9999.000000,29.688972,22.346560,30.0,59.2127,LOW,0.2,0.005,0.0
1774496975.9555252,52.311,-9999.000000,29.691440,22.344230,30.0,59.1928,LOW,0.2,0.005,0.0
1774496976.079076,52.435,-9999.000000,29.690206,22.342285,30.0,59.2454,LOW,0.2,0.005,0.0
1774496976.1988804,52.554,-9999.000000,29.691850,22.340343,30.0,59.2398,LOW,0.2,0.005,0.0
1774496976.344926,52.700,-9999.000000,29.693905,22.337234,30.0,59.2352,LOW,0.2,0.005,0.0
1774496976.466568,52.822,-9999.000000,29.701305,22.336068,30.0,59.1107,LOW,0.2,0.005,0.0
1774496976.589531,52.945,-9999.000000,29.694728,22.335289,30.0,59.2645,LOW,0.2,0.005,0.0
1774496976.7117987,53.067,-9999.000000,29.695962,22.334901,30.0,59.2602,LOW,0.2,0.005,0.0
1774496976.831464,53.187,-9999.000000,29.696372,22.334513,30.0,59.2719,LOW,0.2,0.005,0.0
1774496976.9523914,53.308,-9999.000000,29.697193,22.334125,30.0,59.2756,LOW,0.2,0.005,0.0
1774496977.081516,53.437,-9999.000000,29.698840,22.334125,30.0,59.2621,LOW,0.2,0.005,0.0
1774496977.2022178,53.558,-9999.000000,29.699250,22.334125,30.0,59.2720,LOW,0.2,0.005,0.0
1774496977.3200758,53.676,-9999.000000,29.699661,22.334901,30.0,59.2780,LOW,0.2,0.005,0.0
1774496977.4417193,53.797,-9999.000000,29.701305,22.336068,30.0,59.2580,LOW,0.2,0.005,0.0
1774496977.559932,53.915,-9999.000000,29.702539,22.335289,30.0,59.2544,LOW,0.2,0.005,0.0
1774496977.6863656,54.042,-9999.000000,29.705417,22.338010,30.0,59.2031,LOW,0.2,0.005,0.0
1774496977.8147166,54.170,-9999.000000,29.704593,22.338401,30.0,59.2368,LOW,0.2,0.005,0.0
1774496977.9330647,54.289,-9999.000000,29.705007,22.340343,30.0,59.2371,LOW,0.2,0.005,0.0
1774496978.0573645,54.413,-9999.000000,29.706238,22.340731,30.0,59.2290,LOW,0.2,0.005,0.0
1774496978.1805034,54.536,-9999.000000,29.722686,22.342676,30.0,58.9083,LOW,0.2,0.005,0.0
1774496978.297397,54.653,-9999.000000,29.709940,22.343452,30.0,59.1766,LOW,0.2,0.005,0.0
1774496978.4199693,54.775,-9999.000000,29.716108,22.343839,30.0,59.0689,LOW,0.2,0.005,0.0
1774496978.541603,54.897,-9999.000000,29.711174,22.344618,30.0,59.1816,LOW,0.2,0.005,0.0
1774496978.6766934,55.032,-9999.000000,29.713229,22.346560,30.0,59.1511,LOW,0.2,0.005,0.0
1774496978.799469,55.155,-9999.000000,29.713229,22.345394,30.0,59.1740,LOW,0.2,0.005,0.0
1774496978.927725,55.283,-9999.000000,29.715284,22.347727,30.0,59.1405,LOW,0.2,0.005,0.0
1774496979.0420969,55.398,-9999.000000,29.715697,22.348115,30.0,59.1467,LOW,0.2,0.005,0.0
1774496979.1585684,55.514,-9999.000000,29.705828,22.348893,30.0,59.3577,LOW,0.2,0.005,0.0
1774496979.2753417,55.631,-9999.000000,29.718162,22.350448,30.0,59.1204,LOW,0.2,0.005,0.0
1774496979.3937018,55.749,-9999.000000,29.718573,22.352390,30.0,59.1200,LOW,0.2,0.005,0.0
1774496979.5135539,55.869,-9999.000000,29.719807,22.353169,30.0,59.1086,LOW,0.2,0.005,0.0
1774496979.6278315,55.983,-9999.000000,29.719807,22.355890,30.0,59.1122,LOW,0.2,0.005,0.0
1774496979.7625663,56.118,-9999.000000,29.722686,22.358999,30.0,59.0592,LOW,0.2,0.005,0.0
1774496979.8963714,56.252,-9999.000000,29.723920,22.361332,30.0,59.0424,LOW,0.2,0.005,0.0
1774496980.0201833,56.376,-9999.000000,29.724744,22.360941,30.0,59.0447,LOW,0.2,0.005,0.0
1774496980.1408916,56.496,-9999.000000,29.725565,22.361720,30.0,59.0413,LOW,0.2,0.005,0.0
1774496980.255413,56.611,-9999.000000,29.725975,22.362496,30.0,59.0453,LOW,0.2,0.005,0.0
1774496980.3757787,56.731,-9999.000000,29.727210,22.364050,30.0,59.0300,LOW,0.2,0.005,0.0
1774496980.4945996,56.850,-9999.000000,29.730913,22.366772,30.0,58.9595,LOW,0.2,0.005,0.0
1774496980.606066,56.962,-9999.000000,29.728854,22.368717,30.0,59.0070,LOW,0.2,0.005,0.0
1774496980.7190435,57.075,-9999.000000,29.729265,22.368717,30.0,59.0140,LOW,0.2,0.005,0.0
1774496980.8225548,57.178,-9999.000000,29.702539,22.371047,30.0,59.5534,LOW,0.2,0.005,0.0
1774496980.9296353,57.285,-9999.000000,29.731323,22.372993,30.0,58.9832,LOW,0.2,0.005,0.0
1774496981.0377355,57.393,-9999.000000,29.708706,22.374547,30.0,59.4442,LOW,0.2,0.005,0.0
1774496981.1835315,57.539,-9999.000000,29.743251,22.377269,30.0,58.7597,LOW,0.2,0.005,0.0
1774496981.3260858,57.682,-9999.000000,29.734613,22.379987,30.0,58.9390,LOW,0.2,0.005,0.0
1774496981.448385,57.804,-9999.000000,29.736668,22.381932,30.0,58.9052,LOW,0.2,0.005,0.0
1774496981.5648847,57.920,-9999.000000,29.736258,22.383487,30.0,58.9217,LOW,0.2,0.005,0.0
1774496981.6855824,58.041,-9999.000000,29.737492,22.385818,30.0,58.9022,LOW,0.2,0.005,0.0
1774496981.8069544,58.162,-9999.000000,29.738726,22.387763,30.0,58.8846,LOW,0.2,0.005,0.0
1774496981.9289527,58.284,-9999.000000,29.739137,22.390873,30.0,58.8781,LOW,0.2,0.005,0.0
1774496982.038082,58.394,-9999.000000,29.739137,22.392815,30.0,58.8835,LOW,0.2,0.005,0.0
1774496982.1955464,58.551,-9999.000000,29.739958,22.393206,30.0,58.8858,LOW,0.2,0.005,0.0
1774496982.347694,58.703,-9999.000000,29.739958,22.399425,30.0,58.8773,LOW,0.2,0.005,0.0
1774496982.46611,58.822,-9999.000000,29.741606,22.399425,30.0,58.8597,LOW,0.2,0.005,0.0
1774496982.5781891,58.934,-9999.000000,29.740782,22.404477,30.0,58.8677,LOW,0.2,0.005,0.0
1774496982.7517986,59.107,-9999.000000,29.742427,22.407199,30.0,58.8448,LOW,0.2,0.005,0.0
1774496982.8836036,59.239,-9999.000000,29.749421,22.409533,30.0,58.7108,LOW,0.2,0.005,0.0
1774496983.0001066,59.356,-9999.000000,29.744072,22.408754,30.0,58.8362,LOW,0.2,0.005,0.0
1774496983.1191208,59.475,-9999.000000,29.746131,22.413421,30.0,58.7890,LOW,0.2,0.005,0.0
1774496983.2646515,59.620,-9999.000000,29.745717,22.415752,30.0,58.8051,LOW,0.2,0.005,0.0
1774496983.3893259,59.745,-9999.000000,29.745717,22.418474,30.0,58.8086,LOW,0.2,0.005,0.0
1774496983.5026188,59.858,-9999.000000,29.753946,22.419641,30.0,58.6527,LOW,0.2,0.005,0.0
1774496983.6240141,59.979,-9999.000000,29.756826,22.422362,30.0,58.5975,LOW,0.2,0.005,0.0
1774496983.7366931,60.092,-9999.000000,29.744482,22.423917,30.0,58.8517,LOW,0.2,0.005,0.0
1774496983.847541,60.203,-9999.000000,29.747776,22.425472,30.0,58.7927,LOW,0.2,0.005,0.0
1774496983.9589946,60.314,-9999.000000,29.752711,22.428582,30.0,58.6936,LOW,0.2,0.005,0.0
1774496984.0669346,60.422,-9999.000000,29.749421,22.428970,30.0,58.7712,LOW,0.2,0.005,0.0
1774496984.1749988,60.530,-9999.000000,29.748186,22.431304,30.0,58.7989,LOW,0.2,0.005,0.0
1774496984.278671,60.634,-9999.000000,29.751476,22.433247,30.0,58.7371,LOW,0.2,0.005,0.0
1774496984.385286,60.741,-9999.000000,29.749007,22.434414,30.0,58.7946,LOW,0.2,0.005,0.0
1774496984.4947443,60.850,-9999.000000,29.749831,22.437524,30.0,58.7777,LOW,0.2,0.005,0.0
1774496984.6073277,60.963,-9999.000000,29.749831,22.439079,30.0,58.7847,LOW,0.2,0.005,0.0
1774496984.7329671,61.088,-9999.000000,29.749421,22.441801,30.0,58.7963,LOW,0.2,0.005,0.0
1774496984.8550172,61.210,-9999.000000,29.749831,22.443356,30.0,58.7963,LOW,0.2,0.005,0.0
1774496984.9714372,61.327,-9999.000000,29.734613,22.445690,30.0,59.1055,LOW,0.2,0.005,0.0
1774496985.084686,61.440,-9999.000000,29.749831,22.446078,30.0,58.8135,LOW,0.2,0.005,0.0
1774496985.2074895,61.563,-9999.000000,29.751066,22.450355,30.0,58.7847,LOW,0.2,0.005,0.0
1774496985.331672,61.687,-9999.000000,29.750652,22.451910,30.0,58.8013,LOW,0.2,0.005,0.0
1774496985.455797,61.811,-9999.000000,29.750242,22.455411,30.0,58.8091,LOW,0.2,0.005,0.0
1774496985.5789318,61.934,-9999.000000,29.750652,22.454632,30.0,58.8198,LOW,0.2,0.005,0.0
1774496985.692021,62.048,-9999.000000,29.751476,22.455020,30.0,58.8156,LOW,0.2,0.005,0.0
1774496985.8403137,62.196,-9999.000000,29.750242,22.454244,30.0,58.8624,LOW,0.2,0.005,0.0
1774496985.994268,62.350,-9999.000000,29.751476,22.450743,30.0,58.8727,LOW,0.2,0.005,0.0
1774496986.1397035,62.495,-9999.000000,29.751887,22.449188,30.0,58.8896,LOW,0.2,0.005,0.0
1774496986.2578743,62.613,-9999.000000,29.767522,22.445690,30.0,58.6065,LOW,0.2,0.005,0.0
1774496986.3769898,62.732,-9999.000000,29.753122,22.443356,30.0,58.9199,LOW,0.2,0.005,0.0
1774496986.5333827,62.889,-9999.000000,29.752301,22.438303,30.0,58.9786,LOW,0.2,0.005,0.0
1774496986.6567,63.012,-9999.000000,29.751887,22.432859,30.0,59.0269,LOW,0.2,0.005,0.0
1774496986.7691166,63.125,-9999.000000,29.753532,22.428582,30.0,59.0273,LOW,0.2,0.005,0.0
1774496986.8786068,63.234,-9999.000000,29.753946,22.425084,30.0,59.0484,LOW,0.2,0.005,0.0
1774496986.9881208,63.344,-9999.000000,29.767522,22.420029,30.0,58.8126,LOW,0.2,0.005,0.0
1774496987.0966408,63.452,-9999.000000,29.753946,22.418474,30.0,59.1046,LOW,0.2,0.005,0.0
1774496987.2122867,63.568,-9999.000000,29.755177,22.416919,30.0,59.1012,LOW,0.2,0.005,0.0
1774496987.3201487,63.676,-9999.000000,29.740782,22.415364,30.0,59.4101,LOW,0.2,0.005,0.0
1774496987.428744,63.784,-9999.000000,29.757236,22.414976,30.0,59.0960,LOW,0.2,0.005,0.0
1774496987.5347924,63.890,-9999.000000,29.756412,22.411475,30.0,59.1413,LOW,0.2,0.005,0.0
1774496987.6400964,63.996,-9999.000000,29.757647,22.414197,30.0,59.1170,LOW,0.2,0.005,0.0
1774496987.7459464,64.101,-9999.000000,29.758057,22.414585,30.0,59.1198,LOW,0.2,0.005,0.0
1774496987.8524244,64.208,-9999.000000,29.758471,22.414976,30.0,59.1226,LOW,0.2,0.005,0.0
1774496987.9588895,64.314,-9999.000000,29.760116,22.416919,30.0,59.0936,LOW,0.2,0.005,0.0
1774496988.0674775,64.423,-9999.000000,29.762172,22.418086,30.0,59.0601,LOW,0.2,0.005,0.0
1774496988.178315,64.534,-9999.000000,29.760527,22.420029,30.0,59.0975,LOW,0.2,0.005,0.0
1774496988.2860098,64.641,-9999.000000,29.762583,22.419253,30.0,59.0727,LOW,0.2,0.005,0.0
1774496988.392676,64.748,-9999.000000,29.762583,22.419253,30.0,59.0853,LOW,0.2,0.005,0.0
1774496988.501486,64.857,-9999.000000,29.764228,22.418474,30.0,59.0688,LOW,0.2,0.005,0.0
1774496988.6134098,64.969,-9999.000000,29.763407,22.415364,30.0,59.1126,LOW,0.2,0.005,0.0
1774496988.720485,65.076,-9999.000000,29.763818,22.409533,30.0,59.1435,LOW,0.2,0.005,0.0
1774496988.8277135,65.183,-9999.000000,29.769578,22.405644,30.0,59.0584,LOW,0.2,0.005,0.0
1774496988.9334438,65.289,-9999.000000,29.766287,22.402922,30.0,59.1489,LOW,0.2,0.005,0.0
1774496989.0375526,65.393,-9999.000000,29.767522,22.399813,30.0,59.1504,LOW,0.2,0.005,0.0
1774496989.1479552,65.503,-9999.000000,29.770813,22.398258,30.0,59.1043,LOW,0.2,0.005,0.0
1774496989.255616,65.611,-9999.000000,29.767522,22.395925,30.0,59.1933,LOW,0.2,0.005,0.0
1774496989.3624406,65.718,-9999.000000,29.767522,22.392427,30.0,59.2216,LOW,0.2,0.005,0.0
1774496989.471649,65.827,-9999.000000,29.784392,22.390873,30.0,58.9030,LOW,0.2,0.005,0.0
1774496989.5793417,65.935,-9999.000000,29.769578,22.387763,30.0,59.2259,LOW,0.2,0.005,0.0
1774496989.687446,66.043,-9999.000000,29.769578,22.384654,30.0,59.2524,LOW,0.2,0.005,0.0
1774496989.7942927,66.150,-9999.000000,29.768343,22.383099,30.0,59.2966,LOW,0.2,0.005,0.0
1774496989.9016135,66.257,-9999.000000,29.783978,22.379599,30.0,59.0114,LOW,0.2,0.005,0.0
1774496990.0088792,66.364,-9999.000000,29.765463,22.378823,30.0,59.3978,LOW,0.2,0.005,0.0
1774496990.1172206,66.473,-9999.000000,29.772869,22.378823,30.0,59.2620,LOW,0.2,0.005,0.0
1774496990.2249308,66.580,-9999.000000,29.770399,22.379987,30.0,59.3184,LOW,0.2,0.005,0.0
1774496990.3322194,66.688,-9999.000000,29.773694,22.381932,30.0,59.2559,LOW,0.2,0.005,0.0
1774496990.4401636,66.796,-9999.000000,29.772045,22.381154,30.0,59.3047,LOW,0.2,0.005,0.0
1774496990.5465198,66.902,-9999.000000,29.776985,22.380378,30.0,59.2213,LOW,0.2,0.005,0.0
1774496990.654344,67.010,-9999.000000,29.771224,22.377269,30.0,59.3630,LOW,0.2,0.005,0.0
1774496990.7615514,67.117,-9999.000000,29.776160,22.371047,30.0,59.3045,LOW,0.2,0.005,0.0
1774496990.8704607,67.226,-9999.000000,29.772045,22.371047,30.0,59.3992,LOW,0.2,0.005,0.0
1774496990.9768293,67.332,-9999.000000,29.772869,22.366772,30.0,59.4142,LOW,0.2,0.005,0.0
1774496991.0838592,67.439,-9999.000000,29.773280,22.361332,30.0,59.4429,LOW,0.2,0.005,0.0
1774496991.189312,67.545,-9999.000000,29.773280,22.357057,30.0,59.4743,LOW,0.2,0.005,0.0
1774496991.2976367,67.653,-9999.000000,29.773280,22.351614,30.0,59.5113,LOW,0.2,0.005,0.0
1774496991.403465,67.759,-9999.000000,29.773280,22.346172,30.0,59.5480,LOW,0.2,0.005,0.0
1774496991.508829,67.864,-9999.000000,29.773694,22.342285,30.0,59.5693,LOW,0.2,0.005,0.0
1774496991.6125765,67.968,-9999.000000,29.774515,22.339176,30.0,59.5787,LOW,0.2,0.005,0.0
1774496991.7200565,68.076,-9999.000000,29.787684,22.339176,30.0,59.3268,LOW,0.2,0.005,0.0
1774496991.8266513,68.182,-9999.000000,29.773694,22.338401,30.0,59.6222,LOW,0.2,0.005,0.0
1774496991.93322,68.289,-9999.000000,29.775750,22.339176,30.0,59.5895,LOW,0.2,0.005,0.0
1774496992.0400524,68.396,-9999.000000,29.787684,22.340343,30.0,59.3568,LOW,0.2,0.005,0.0
1774496992.147453,68.503,-9999.000000,29.774925,22.339176,30.0,59.6294,LOW,0.2,0.005,0.0
1774496992.2541468,68.610,-9999.000000,29.774104,22.338010,30.0,59.6632,LOW,0.2,0.005,0.0
1774496992.3644683,68.720,-9999.000000,29.775339,22.338401,30.0,59.6491,LOW,0.2,0.005,0.0
1774496992.4709692,68.826,-9999.000000,29.777395,22.338788,30.0,59.6180,LOW,0.2,0.005,0.0
1774496992.5765324,68.932,-9999.000000,29.776985,22.340343,30.0,59.6310,LOW,0.2,0.005,0.0
1774496992.685735,69.041,-9999.000000,29.776985,22.342676,30.0,59.6325,LOW,0.2,0.005,0.0
1774496992.793369,69.149,-9999.000000,29.764642,22.343452,30.0,59.8885,LOW,0.2,0.005,0.0
1774496992.9016204,69.257,-9999.000000,29.790565,22.343839,30.0,59.3797,LOW,0.2,0.005,0.0
1774496993.0076404,69.363,-9999.000000,29.778220,22.343839,30.0,59.6383,LOW,0.2,0.005,0.0
1774496993.1123836,69.468,-9999.000000,29.779452,22.344230,30.0,59.6234,LOW,0.2,0.005,0.0
1774496993.2170777,69.573,-9999.000000,29.779452,22.345394,30.0,59.6297,LOW,0.2,0.005,0.0
1774496993.3268971,69.682,-9999.000000,29.779865,22.344230,30.0,59.6388,LOW,0.2,0.005,0.0
1774496993.4344487,69.790,-9999.000000,29.780276,22.341509,30.0,59.6548,LOW,0.2,0.005,0.0
1774496993.5401304,69.896,-9999.000000,29.781511,22.338401,30.0,59.6557,LOW,0.2,0.005,0.0
1774496993.649759,70.005,-9999.000000,29.795092,22.336068,30.0,59.4060,LOW,0.2,0.005,0.0
1774496993.7601597,70.116,-9999.000000,29.781097,22.334901,30.0,59.7032,LOW,0.2,0.005,0.0
1774496993.8683677,70.224,-9999.000000,29.776571,22.333735,30.0,59.8112,LOW,0.2,0.005,0.0
1774496993.9736345,70.329,-9999.000000,29.763818,22.334513,30.0,60.0751,LOW,0.2,0.005,0.0
1774496994.0766537,70.432,-9999.000000,29.781511,22.334901,30.0,59.7307,LOW,0.2,0.005,0.0
1774496994.1832893,70.539,-9999.000000,29.782743,22.336068,30.0,59.7124,LOW,0.2,0.005,0.0
1774496994.2949796,70.650,-9999.000000,29.783567,22.338010,30.0,59.6992,LOW,0.2,0.005,0.0
1774496994.4163573,70.772,-9999.000000,29.789329,22.338788,30.0,59.5932,LOW,0.2,0.005,0.0
1774496994.530423,70.886,-9999.000000,29.782743,22.340343,30.0,59.7302,LOW,0.2,0.005,0.0
1774496994.6482165,71.004,-9999.000000,29.783157,22.341509,30.0,59.7294,LOW,0.2,0.005,0.0
1774496994.7663007,71.122,-9999.000000,29.784803,22.343064,30.0,59.7021,LOW,0.2,0.005,0.0
1774496994.8841257,71.240,-9999.000000,29.783978,22.341897,30.0,59.7366,LOW,0.2,0.005,0.0
1774496994.9980884,71.354,-9999.000000,29.761762,22.341121,30.0,60.1981,LOW,0.2,0.005,0.0
1774496995.111655,71.467,-9999.000000,29.784803,22.339176,30.0,59.7583,LOW,0.2,0.005,0.0
1774496995.2275288,71.583,-9999.000000,29.785213,22.336846,30.0,59.7731,LOW,0.2,0.005,0.0
1774496995.3420732,71.698,-9999.000000,29.786038,22.333347,30.0,59.7848,LOW,0.2,0.005,0.0
1774496995.4575543,71.813,-9999.000000,29.786038,22.331017,30.0,59.8078,LOW,0.2,0.005,0.0
1774496995.5735233,71.929,-9999.000000,29.782332,22.328684,30.0,59.9051,LOW,0.2,0.005,0.0
1774496995.6896064,72.045,-9999.000000,29.800440,22.322467,30.0,59.5828,LOW,0.2,0.005,0.0
1774496995.80496,72.160,-9999.000000,29.789329,22.323630,30.0,59.8119,LOW,0.2,0.005,0.0
1774496995.9218013,72.277,-9999.000000,29.786859,22.320912,30.0,59.8861,LOW,0.2,0.005,0.0
1774496996.027995,72.383,-9999.000000,29.788505,22.319746,30.0,59.8697,LOW,0.2,0.005,0.0
1774496996.1317194,72.487,-9999.000000,29.789329,22.318967,30.0,59.8677,LOW,0.2,0.005,0.0
1774496996.2440982,72.600,-9999.000000,29.789329,22.317025,30.0,59.8883,LOW,0.2,0.005,0.0
1774496996.3523118,72.708,-9999.000000,29.790151,22.311196,30.0,59.9097,LOW,0.2,0.005,0.0
1774496996.458888,72.814,-9999.000000,29.790975,22.308476,30.0,59.9168,LOW,0.2,0.005,0.0
1774496996.5627213,72.918,-9999.000000,29.790565,22.303423,30.0,59.9588,LOW,0.2,0.005,0.0
1774496996.6696594,73.025,-9999.000000,29.791797,22.297985,30.0,59.9700,LOW,0.2,0.005,0.0
1774496996.7815826,73.137,-9999.000000,29.790975,22.291377,30.0,60.0282,LOW,0.2,0.005,0.0
1774496996.8939295,73.249,-9999.000000,29.791386,22.285549,30.0,60.0582,LOW,0.2,0.005,0.0
1774496996.998837,73.354,-9999.000000,29.791386,22.280887,30.0,60.0903,LOW,0.2,0.005,0.0
1774496997.1072292,73.463,-9999.000000,29.791797,22.275834,30.0,60.1164,LOW,0.2,0.005,0.0
1774496997.2134085,73.569,-9999.000000,29.792621,22.271173,30.0,60.1321,LOW,0.2,0.005,0.0
1774496997.32018,73.676,-9999.000000,29.792210,22.267286,30.0,60.1690,LOW,0.2,0.005,0.0
1774496997.5131495,73.869,-9999.000000,29.791797,22.260295,30.0,60.2292,LOW,0.2,0.005,0.0
