problem_thickness	25	FLOAT	mm
current	1	FLOAT	Amps
no_turns	100	INT	N/A
coil_thickness	5.25	FLOAT	mm
coil_height	8	FLOAT	mm
coil_gap	12	FLOAT	mm
air_gap	0.8	FLOAT	mm
boundary_x	100	FLOAT	mm
boundary_y	50	FLOAT	mm
magnet_thickness	9	FLOAT	mm
halbach1_height	6	FLOAT	mm
normal1_height	15	FLOAT	mm
backiron_thickness	5	FLOAT	mm
backiron_height	36	FLOAT	mm
magnet_density	7450	FLOAT	kg/m^3
backiron_density	7870	FLOAT	kg/m^3
backiron_cut_angle	45	FLOAT	deg
backiron_cut_thickness	2	FLOAT	mm